When We Were Kings;1996
Fargo;1996
Big Night;1996
Sling Blade;1996
Supercop;1996
Hamlet;1996
James and the Giant Peach;1996
That Thing You Do!;1996
Star Trek: First Contact;1996
Lone Star;1996
Trainspotting;1996
Waiting for Guffman;1996
Shine;1996
Chungking Express;1996
Get on the Bus;1996
The People Vs. Larry Flynt;1996
Flirting With Disaster;1996
Swingers;1996
Breaking the Waves;1996
Bottle Rocket;1996
The English Patient;1996
Fly Away Home;1996
Courage Under Fire;1996
Jerry Maguire;1996
Emma;1996
Cold Comfort Farm;1996
Looking for Richard;1996
Mystery Science Theater 3000: The Movie;1996
Scream;1996
Eve's Bayou;1996
Marvin's Room;1996
Beautiful Girls;1996
The Birdcage;1996
Everyone Says I Love You;1996
Michael Collins;1996
Ransom;1996
Sleepers;1996
Primal Fear;1996
The Hunchback of Notre Dame;1996
Romeo + Juliet;1996
Beavis and Butt-head Do America;1996
Tin Cup;1996
The Crucible;1996
The Long Kiss Goodnight;1996
A Time to Kill;1996
The Rock;1996
The Nutty Professor;1996
From Dusk Till Dawn;1996
Mission: Impossible;1996
She's the One;1996
Independence Day;1996
2 Days in the Valley;1996
Happy Gilmore;1996
The Preacher's Wife;1996
Crash;1996
Twister;1996
The Cable Guy;1996
Mars Attacks!;1996
John Carpenter's Escape from L.A.;1996
Stealing Beauty;1996
The Ghost and the Darkness;1996
My Fellow Americans;1996
Multiplicity;1996
The Phantom;1996
Space Jam;1996
Eraser;1996
Mary Reilly;1996
Four Rooms;1996
Striptease;1996
Spy Hard;1996
L.A. Confidential;1997
The Sweet Hereafter;1997
Good Will Hunting;1997
Titanic;1997
The Full Monty;1997
Men in Black;1997
Face/Off;1997
Ulee's Gold;1997
Mrs. Brown;1997
Boogie Nights;1997
Chasing Amy;1997
In the Company of Men;1997
Jackie Brown;1997
The Spanish Prisoner;1997
As Good as It Gets;1997
Donnie Brasco;1997
Affliction;1997
Wag the Dog;1997
Anastasia;1997
Rosewood;1997
The Ice Storm;1997
Hercules;1997
Scream 2;1997
Life Is Beautiful (La Vita è bella);1997
Gattaca;1997
The Rainmaker;1997
The Boxer;1997
Liar Liar;1997
Grosse Pointe Blank;1997
Breakdown;1997
Private Parts;1997
Soul Food;1997
The Butcher Boy;1997
Air Force One;1997
Amistad;1997
Kundun;1997
Cop Land;1997
The Game;1997
In & Out;1997
The Fifth Element;1997
My Best Friend's Wedding;1997
Austin Powers: International Man of Mystery;1997
Romy and Michele's High School Reunion;1997
The Devil's Advocate;1997
The Pillow Book;1997
She's So Lovely;1997
Zero Effect;1997
Starship Troopers;1997
Contact;1997
The Edge;1997
Dream with the Fishes;1997
Lost Highway;1997
Tomorrow Never Dies;1997
The Gingerbread Man;1997
U-Turn;1997
Another Day in Paradise;1997
George of the Jungle;1997
Alien Resurrection;1997
Con Air;1997
The Lost World - Jurassic Park;1997
Conspiracy Theory;1997
Picture Perfect;1997
Blues Brothers 2000;1997
Absolute Power;1997
Fallen;1997
Anaconda;1997
I Know What You Did Last Summer;1997
The Saint;1997
Hard Rain;1997
Fathers' Day;1997
A Thousand Acres;1997
Jungle 2 Jungle;1997
Spawn;1997
Jingle All the Way;1997
Batman & Robin;1997
Speed 2 - Cruise Control;1997
Mortal Kombat: Annihilation;1997
The Truman Show;1998
Antz;1998
Shakespeare in Love;1998
Saving Private Ryan;1998
Gods and Monsters;1998
Out of Sight;1998
A Bug's Life;1998
Central Station (Central do Brasil);1998
The Dreamlife of Angels;1998
Rushmore;1998
Ever After: A Cinderella Story;1998
A Simple Plan;1998
Cure;1998
One True Thing;1998
The Apostle;1998
Mulan;1998
Pi;1998
Pleasantville;1998
Hilary and Jackie;1998
The Parent Trap;1998
There's Something About Mary;1998
American History X;1998
Happiness;1998
The Mask of Zorro;1998
Last Night;1998
Waking Ned Devine;1998
The Big Lebowski;1998
Elizabeth;1998
Primary Colors;1998
The Prince of Egypt;1998
The General;1998
The Thin Red Line;1998
He Got Game;1998
Slums of Beverly Hills;1998
The Opposite of Sex;1998
Live Flesh (Carne trémula);1998
Beloved;1998
Little Voice;1998
Your Friends & Neighbors;1998
Buffalo '66;1998
Dark City;1998
Bulworth;1998
The Negotiator;1998
The Horse Whisperer;1998
The Mighty;1998
Les Miserables;1998
Next Stop Wonderland;1998
Enemy of the State;1998
High Art;1998
Last Days of Disco;1998
You've Got Mail;1998
Wilde;1998
Return to Paradise;1998
Ronin;1998
The Wedding Singer;1998
Rounders;1998
The X-Files - Fight the Future;1998
Hideous Kinky;1998
Wild Things;1998
Clay Pigeons;1998
Kurt and Courtney;1998
Babe: Pig in the City;1998
Sliding Doors;1998
Rush Hour;1998
A Civil Action;1998
Playing by Heart;1998
Permanent Midnight;1998
City of Angels;1998
Twilight;1998
The Rugrats Movie;1998
Blade;1998
Star Trek: Insurrection;1998
Velvet Goldmine;1998
What Dreams May Come;1998
A Perfect Murder;1998
Why Do Fools Fall In Love;1998
The Faculty;1998
Apt Pupil (Un Élève Doué);1998
Lethal Weapon 4;1998
Two Girls and a Guy;1998
Mighty Joe Young;1998
Pecker;1998
Halloween H2O;1998
Fear and Loathing in Las Vegas;1998
Dance with Me;1998
The Object of My Affection;1998
The Corruptor;1998
Deep Impact;1998
How Stella Got Her Groove Back;1998
Small Soldiers;1998
The Siege;1998
Stepmom;1998
Very Bad Things;1998
Armageddon;1998
Dr. Dolittle;1998
BASEketball;1998
Snake Eyes;1998
Can't Hardly Wait;1998
Psycho;1998
John Carpenter's Vampires;1998
Toy Story 2;1999
The Iron Giant;1999
The Insider;1999
Todo sobre mi madre (All About My Mother);1999
Mr. Death: The Rise and Fall of Fred A. Leuchter, Jr.;1999
Three Kings;1999
The Straight Story;1999
Being John Malkovich;1999
Election;1999
Princess Mononoke (Mononoke-hime);1999
American Beauty;1999
Run Lola Run;1999
The Limey;1999
American Movie;1999
Galaxy Quest;1999
Go;1999
The Matrix;1999
The Blair Witch Project;1999
October Sky;1999
Tarzan;1999
Topsy-Turvy;1999
Buena Vista Social Club;1999
The Sixth Sense;1999
Show Me Love;1999
Girl on the Bridge (La Fille sur le Pont);1999
Boys Don't Cry;1999
Himalaya (L'Enfance d'un Chef) (Caravan);1999
Magnolia;1999
Felicia's Journey;1999
The Talented Mr. Ripley;1999
Liberty Heights;1999
Cookie's Fortune;1999
The Hurricane;1999
An Ideal Husband;1999
Trekkies;1999
Notting Hill;1999
Open Your Eyes (Abre los Ojos);1999
Fight Club;1999
The Green Mile;1999
Bowfinger;1999
South Park: Bigger, Longer & Uncut;1999
Tumbleweeds;1999
Beyond the Mat;1999
Office Space;1999
Happy, Texas;1999
Audition (Ôdishon);1999
Jesus' Son;1999
Eyes Wide Shut;1999
Sweet and Lowdown;1999
Get Real;1999
Twin Falls Idaho;1999
Mansfield Park;1999
The Adventures of Elmo in Grouchland;1999
Lock, Stock and Two Smoking Barrels;1999
Besieged;1999
The Cider House Rules;1999
Bringing Out the Dead;1999
The Red Violin (Le violon rouge);1999
The Best Man;1999
The Dinner Game (Le Dîner de cons);1999
The Thomas Crown Affair;1999
Existenz;1999
Analyze This;1999
Dick;1999
Dogma;1999
Sleepy Hollow;1999
Stir of Echoes;1999
Titus;1999
William Shakespeare's 'A Midsummer Night's Dream';1999
Stuart Little;1999
The End of the Affair;1999
Man on the Moon;1999
Cradle Will Rock;1999
A Map of the World;1999
Music of the Heart;1999
American Pie;1999
Arlington Road;1999
Ride With the Devil;1999
Star Wars: Episode I - The Phantom Menace;1999
Muppets From Space;1999
EDtv;1999
Mystery Men;1999
10 Things I Hate About You;1999
The Wood;1999
Blast From the Past;1999
Never Been Kissed;1999
Deep Blue Sea;1999
The Mummy;1999
Mumford;1999
Girl, Interrupted;1999
The World Is Not Enough;1999
Payback;1999
Any Given Sunday;1999
True Crime;1999
Angela's Ashes;1999
Summer of Sam;1999
The Muse;1999
Austin Powers: The Spy Who Shagged Me;1999
Outside Providence;1999
Cruel Intentions;1999
Chicken Run;2000
Le goût des autres (The Taste of Others);2000
Croupier;2000
The Life and Times of Hank Greenberg;2000
Best in Show;2000
Yi Yi;2000
You Can Count On Me;2000
Memento;2000
Traffic;2000
High Fidelity;2000
Not One Less;2000
Dark Days;2000
The Filth and the Fury;2000
Cast Away;2000
Almost Famous;2000
Panic;2000
Aimée & Jaguar;2000
Exorcist: The Version You've Never Seen;2000
Sexy Beast;2000
The Widow of Saint-Pierre (The Widow of St. Pierre) (La veuve de Saint-Pierre);2000
Girlfight;2000
State and Main;2000
The Emperor's New Groove;2000
Meet the Parents;2000
Erin Brockovich;2000
Billy Elliot;2000
The Original Kings of Comedy;2000
Nurse Betty;2000
Nico and Dani (Krámpack);2000
Battle Royale;2000
Chuck & Buck;2000
Thirteen Days;2000
Chunhyangdyun;2000
X-Men;2000
George Washington;2000
Shadow of the Vampire;2000
Merci pour le chocolat;2000
Wonder Boys;2000
Ghost Dog - The Way of the Samurai;2000
Love and Basketball;2000
Fantasia 2000;2000
Pollock;2000
The House of Mirth;2000
Lakeboat;2000
Shanghai Noon;2000
The Vertical Ray of the Sun (At the Height of Summer) (Mua he chieu thang dung);2000
Gladiator;2000
Requiem for a Dream;2000
O Brother, Where Art Thou?;2000
Space Cowboys;2000
The Tao of Steve;2000
The Contender;2000
Keep the River on Your Right;2000
Quills;2000
The Virgin Suicides;2000
Finding Forrester;2000
Remember the Titans;2000
Rugrats in Paris - The Movie;2000
Tigerland;2000
The Big Kahuna;2000
Code Unknown (Code inconnu: Récit incomplet de divers voyages);2000
My Dog Skip;2000
Sunshine;2000
Frequency;2000
Unbreakable;2000
Charlie's Angels;2000
Keeping the Faith;2000
Gangster No. 1;2000
Shadow Magic;2000
American Psycho;2000
Dancer in the Dark;2000
U-571;2000
Shaft;2000
Grateful Dawg;2000
Timecode;2000
Boiler Room;2000
Small Time Crooks;2000
About Adam;2000
Dinosaur;2000
The Yards;2000
Bring It On;2000
Chocolat;2000
Anywhere but Here;2000
Saving Grace;2000
The Patriot;2000
Wonderland;2000
The Claim;2000
The Tigger Movie;2000
Return to Me;2000
Der Krieger und die Kaiserin (The Princess and the Warrior);2000
Mission: Impossible 2;2000
The Gift;2000
Alice et Martin;2000
Dr. T and the Women;2000
Pitch Black;2000
Kikujiro;2000
Road Trip;2000
Hamlet;2000
Godzilla 2000;2000
Dr. Seuss' How the Grinch Stole Christmas;2000
Monsters, Inc.;2001
Crouching Tiger, Hidden Dragon;2001
The Dish;2001
With a Friend like Harry...;2001
The Lord of the Rings: The Fellowship of the Ring;2001
Time Out (L' Emploi du temps);2001
In the Bedroom;2001
I'm Going Home;2001
Spy Kids;2001
Ghost World;2001
The Endurance;2001
Lagaan: Once Upon a Time in India;2001
Hedwig and the Angry Inch;2001
Y Tu Mama Tambien;2001
No Man's Land;2001
Sous le sable (Under the Sand);2001
Last Resort;2001
The Devil's Backbone (El Espinazo del diablo);2001
Amores Perros;2001
Apocalypse Now Redux;2001
Amélie;2001
Dogtown and Z-Boys;2001
Startup.com;2001
Shrek;2001
The Circle (Dayereh);2001
Mostly Martha (Bella Martha);2001
In the Mood for Love;2001
Millennium Actress (Sennen joyû);2001
Iron Monkey;2001
Together;2001
Dinner Rush;2001
Kandahar: Le soleil derrière la lune;2001
Divided We Fall;2001
The Road Home (Wo de fu qin mu qin);2001
Our Song;2001
Gosford Park;2001
Eureka;2001
Life And Debt;2001
Trembling Before G-d;2001
Italian for Beginners;2001
Ginger Snaps;2001
101 Reykjavik;2001
Comment j'ai tué mon père (My Father and I);2001
Roozi ke zan shodam (The Day I Became a Woman);2001
Donnie Darko;2001
The Closet (Le Placard);2001
Va Savoir;2001
Calle 54;2001
Nowhere in Africa (Nirgendwo in Afrika);2001
The Others;2001
Faithless;2001
Ocean's Eleven;2001
Mulholland Drive;2001
Rain;2001
Thirteen Conversations About One Thing;2001
Harry Potter and the Sorcerer's Stone;2001
The Man Who Wasn't There;2001
Bridget Jones's Diary;2001
The Deep End;2001
L.I.E.;2001
Ni na bian ji dian (What Time Is It Over There?);2001
Little Otik;2001
Waking Life;2001
Innocence;2001
The Business of Strangers;2001
Diamond Men;2001
Lumumba;2001
Moulin Rouge!;2001
Iris;2001
Jump Tomorrow;2001
A Beautiful Mind;2001
The Pledge;2001
Black Hawk Down;2001
Tape;2001
The Tailor of Panama;2001
A.I. Artificial Intelligence;2001
The Cat's Meow;2001
Our Lady of the Assassins;2001
Snatch;2001
Jimmy Neutron - Boy Genius;2001
The Score;2001
Training Day;2001
Songcatcher;2001
Buffalo Soldiers;2001
Joy Ride;2001
Me You Them;2001
Tortilla Soup;2001
Before Night Falls;2001
Brotherhood of the Wolf;2001
The Piano Teacher (La Pianiste);2001
Behind the Sun;2001
Fat Girl;2001
Made;2001
Chopper;2001
Das Experiment (The Experiment);2001
Baby Boy;2001
Happy Accidents;2001
The Lady and the Duke;2001
Bread & Tulips;2001
Legally Blonde;2001
The Lord of the Rings: The Two Towers;2002
Spirited Away;2002
Spellbound;2002
Catch Me If You Can;2002
The Pianist;2002
Rivers and Tides: Andy Goldsworthy Working With Time;2002
Bowling for Columbine;2002
The Man Without a Past;2002
Read My Lips;2002
About a Boy;2002
Monsoon Wedding;2002
Insomnia;2002
Elsker Dig For Evigt;2002
Minority Report;2002
Promises;2002
Adaptation;2002
Mou gaan dou (Infernal Affairs);2002
The Trials of Henry Kissinger;2002
Spider-Man;2002
Talk to Her;2002
The Kid Stays in the Picture;2002
Bloody Sunday;2002
Knafayim Shvurot (Broken Wings);2002
Nine Queens (Nueve reinas);2002
Standing in the Shadows of Motown;2002
Scratch;2002
Chicago;2002
Betty Fisher and Other Stories;2002
Lantana;2002
Atanarjuat: The Fast Runner (Atanarjuat);2002
The Weather Underground;2002
Murderous Maids;2002
Rabbit-Proof Fence;2002
Russian Ark;2002
Roger Dodger;2002
About Schmidt;2002
The Girl From Paris;2002
Baran;2002
Lilo & Stitch;2002
Late Marriage;2002
I Am Trying to Break Your Heart;2002
Lovely & Amazing;2002
Monster's Ball;2002
Springtime in a Small Town (Xiao cheng zhi chun);2002
Harry Potter and the Chamber of Secrets;2002
24 Hour Party People;2002
Spider;2002
Metropolis;2002
The Bourne Identity;2002
Narc;2002
Son of the Bride;2002
The Rookie;2002
Kissing Jessica Stein;2002
Road to Perdition;2002
Lawless Heart;2002
Blind Spot: Hitler's Secretary;2002
One Hour Photo;2002
The Hours;2002
La Stanza del Figlio (The Son's Room);2002
Voyage de Morvern Callar;2002
The Royal Tenenbaums;2002
Margaret Cho - Notorious C.H.O.;2002
The Good Girl;2002
Barbershop;2002
Elling;2002
All or Nothing;2002
Real Women Have Curves;2002
Stuart Little 2;2002
The Believer;2002
Punch-Drunk Love;2002
Pauline & Paulette;2002
Drumline;2002
Satin Rouge;2002
Better Luck Tomorrow;2002
Secret Ballot;2002
Antwone Fisher;2002
Gigantic;2002
Sunshine State;2002
Ghetto;2002
8 Women (8 Femmes);2002
The Wild Thornberrys Movie;2002
Tully;2002
8 Mile;2002
Biggie and Tupac;2002
Ice Age;2002
Last Orders;2002
Changing Lanes;2002
Panic Room;2002
Tadpole;2002
Gangs of New York;2002
Signs;2002
Undercover Brother;2002
Nicholas Nickleby;2002
Frida;2002
The Dangerous Lives of Altar Boys;2002
Akai Hashi No Shita Noo Nurui Mizu;2002
My Big Fat Greek Wedding;2002
11'09''01 - September 11;2002
Secretary;2002
Igby Goes Down;2002
Finding Nemo;2003
The Lord of the Rings: The Return of the King;2003
The Fog of War: Eleven Lessons from the Life of Robert S. McNamara;2003
Lost In Translation;2003
Capturing the Friedmans;2003
Bus 174 (Ônibus 174);2003
Winged Migration;2003
The Station Agent;2003
Sweet Sixteen;2003
American Splendor;2003
Chavez: Inside the Coup;2003
Raising Victor Vargas;2003
To Be and to Have (Etre et Avoir);2003
Festival Express;2003
The Triplets of Belleville;2003
Dirty Pretty Things;2003
School of Rock;2003
Spring, Summer, Fall, Winter...and Spring;2003
The Return (Vozvrashcheniye);2003
Lost in La Mancha;2003
The Best of Youth (La meglio gioventù);2003
Los Angeles Plays Itself;2003
Shattered Glass;2003
Alien Saga;2003
The Man on the Train;2003
Cidade de Deus (City of God);2003
The Magdalene Sisters;2003
Whale Rider;2003
Saraband;2003
In America;2003
Baadasssss!;2003
28 Days Later;2003
Far From Heaven;2003
A Mighty Wind;2003
X2: X-Men United;2003
Stevie;2003
Mystic River;2003
I'm Not Scared (Io non ho paura);2003
Freaky Friday;2003
Kill Bill: Volume 1;2003
The Quiet American;2003
Master and Commander: The Far Side of the World;2003
Tokyo Godfathers;2003
In This World;2003
The Cuckoo;2003
Elf;2003
Zatôichi (The Blind Swordsman: Zatoichi);2003
The Five Obstructions;2003
The Son;2003
Bend It like Beckham;2003
Yossi & Jagger;2003
Intimate Strangers;2003
Lilja 4-ever;2003
Dracula: Pages From a Virgin's Diary;2003
Swimming Pool;2003
Noi the Albino (Nói albínói);2003
Pieces of April;2003
Ten;2003
The Secret Lives of Dentists;2003
Matchstick Men;2003
Tibet: Cry of the Snow Lion;2003
Monsieur Ibrahim et les fleurs du Coran (Monsieur Ibrahim);2003
A Tale of Two Sisters;2003
Chaos;2003
Gloomy Sunday;2003
Thirteen;2003
21 Grams;2003
Pirates of the Caribbean: The Curse of the Black Pearl;2003
The Barbarian Invasions (Les Invasions barbares);2003
Bad Santa;2003
Open Range;2003
Bukowski: Born into This;2003
Step Into Liquid;2003
Chihwaseon;2003
Stone Reader;2003
Confessions of a Dangerous Mind;2003
Amandla! A Revolution in Four-Part Harmony;2003
Big Fish;2003
Blue Car;2003
Seabiscuit;2003
Charlotte Sometimes;2003
25th Hour;2003
Ghosts of the Abyss;2003
Divine Intervention;2003
I Capture the Castle;2003
The Good Thief;2003
The Cooler;2003
Mondays in the Sun (Los Lunes al sol);2003
Owning Mahowny;2003
Peter Pan;2003
Bubba Ho-Tep;2003
Holes;2003
Tupac: Resurrection;2003
Intolerable Cruelty;2003
Friday Night;2003
House of Sand and Fog;2003
The Matrix Reloaded;2003
Stoked: The Rise and Fall of Gator;2003
L'Auberge Espagnole;2003
Une femme de ménage;2003
The Incredibles;2004
Sideways;2004
Maria Full of Grace;2004
Moolaadé;2004
Hero;2004
Spider-Man 2;2004
The Twilight Samurai (Tasogare Seibei);2004
Before Sunset;2004
Eternal Sunshine Of The Spotless Mind;2004
Since Otar Left;2004
The Umbrellas of Cherbourg (Les Parapluies de Cherbourg);2004
Control Room;2004
Born Into Brothels;2004
Osama;2004
Million Dollar Baby;2004
Harry Potter and the Prisoner of Azkaban;2004
Super Size Me;2004
Shaun of the Dead;2004
Plagues & Pleasures on the Salton Sea;2004
Lost Boys of Sudan;2004
Touching the Void;2004
The Story of the Weeping Camel;2004
End of the Century: The Story of the Ramones;2004
Vera Drake;2004
The Agronomist;2004
Kinsey;2004
Riding Giants;2004
Hotel Rwanda;2004
Nobody Knows (Dare mo shiranai);2004
My Architect;2004
Shrek 2;2004
Downfall (Der Untergang);2004
Tarnation;2004
Shaolin Soccer;2004
Mean Creek;2004
The Aviator;2004
La demoiselle d'honneur (The Bridesmaid);2004
The Corporation;2004
Good Bye, Lenin!;2004
House of Flying Daggers;2004
Collateral;2004
Metallica: Some Kind of Monster;2004
My Summer of Love;2004
Donnie Darko: The Director's Cut;2004
Bad Education;2004
Dig!;2004
The Woodsman;2004
Garden State;2004
Going Upriver: The Long War of John Kerry;2004
Kitchen Stories;2004
Kill Bill: Volume 2;2004
Brothers;2004
Last Life in the Universe;2004
James' Journey to Jerusalem;2004
Fahrenheit 9/11;2004
3-Iron;2004
Touch The Sound;2004
Mean Girls;2004
Mayor of the Sunset Strip;2004
Finding Neverland;2004
Uzak (Distant);2004
Lightning in a Bottle;2004
The Motorcycle Diaries;2004
Wilbur Wants to Kill Himself;2004
Guerrilla: The Taking of Patty Hearst;2004
Crimson Gold;2004
In Good Company;2004
The Sea Inside (Mar Adentro) (The Sea Within);2004
Aileen: Life and Death of a Serial Killer;2004
Bright Leaves;2004
Monster;2004
The Manchurian Candidate;2004
Ray;2004
Hellboy;2004
The Bourne Supremacy;2004
Outfoxed: Rupert Murdoch's War on Journalism;2004
The Yes Men;2004
Friday Night Lights;2004
Red Lights;2004
Up and Down (Horem Pádem) (Loop the Loop);2004
Somersault;2004
Miracle;2004
Broadway: The Golden Age;2004
Team America: World Police;2004
A Very Long Engagement;2004
Crash;2004
Two Brothers;2004
The Machinist;2004
American Experience;2004
Tae Guk Gi: The Brotherhood of War;2004
The Saddest Music in the World;2004
The Mother;2004
Dawn of the Dead;2004
Overnight;2004
Being Julia;2004
It's All Gone Pete Tong;2004
Bon Voyage;2004
Harold & Kumar Go to White Castle;2004
Sky Captain and the World of Tomorrow;2004
Uncovered: The War on Iraq;2004
Murderball;2005
Wallace & Gromit: The Curse of the Were-Rabbit;2005
Enron: The Smartest Guys in the Room;2005
Good Night, And Good Luck;2005
March of the Penguins;2005
The Wild Parrots of Telegraph Hill;2005
The Squid and the Whale;2005
Grizzly Man;2005
Harry Potter and the Goblet of Fire;2005
Capote;2005
Kung Fu Hustle;2005
Ushpizin;2005
Brokeback Mountain;2005
Duma;2005
Travelers and Magicians;2005
Broken Flowers;2005
A History of Violence;2005
Tristram Shandy: A Cock & Bull Story;2005
Water;2005
Batman Begins;2005
Caché;2005
Up for Grabs;2005
King Kong;2005
Howl's Moving Castle;2005
Ballets Russes;2005
Head-On;2005
Darwin's Nightmare;2005
Millions;2005
After Innocence;2005
Paradise Now;2005
New York Doll;2005
The 40 Year Old Virgin;2005
Pride and Prejudice;2005
Kiss Kiss, Bang Bang;2005
Charlie and the Chocolate Factory;2005
Tony Takitani;2005
The Constant Gardener;2005
Junebug;2005
Turtles Can Fly;2005
Look at Me;2005
The Proposition;2005
Tell Them Who You Are;2005
Rois et Reine (Kings and Queen);2005
Saving Face;2005
Ong-Bak (Ong Bak: Muay Thai Warrior);2005
The Cave of the Yellow Dog (Die Hohle des gelben Hundes);2005
Tim Burton's Corpse Bride;2005
Shake Hands with the Devil: The Journey of Romeo Dallaire;2005
The Heart of the Game;2005
The Syrian Bride;2005
Walk the Line;2005
Star Wars: Episode III - Revenge of the Sith;2005
2046;2005
Gunner Palace;2005
Mysterious Skin;2005
Serenity;2005
De Battre mon Coeur s'est Arrêté (The Beat That My Heart Skipped);2005
Mad Hot Ballroom;2005
Three Times (Zui hao de shi guang);2005
Hustle & Flow;2005
Cinderella Man;2005
Inside Deep Throat;2005
Rize;2005
The World's Fastest Indian;2005
Sin City;2005
The Perfect Crime (El Crimen Perfecto)(Crimen ferpecto);2005
La Moustache;2005
De zaak Alzheimer (The Memory of a Killer);2005
13 Tzameti;2005
Beyond the Gates;2005
Three...Extremes (Saam gaang yi);2005
Aliens of the Deep;2005
Layer Cake;2005
Red Eye;2005
Munich;2005
Me and You and Everyone We Know;2005
Dear Frankie;2005
Oldboy;2005
Rock School;2005
Lost Embrace;2005
Match Point;2005
The Warrior;2005
The Aristocrats;2005
Control;2005
Keane;2005
The Chronicles of Narnia: The Lion, The Witch and The Wardrobe;2005
War of the Worlds;2005
Pooh's Heffalump Movie;2005
The Sisterhood of the Traveling Pants;2005
Wedding Crashers;2005
In Her Shoes;2005
Zathura;2005
The Upside of Anger;2005
CSA: The Confederate States of America;2005
The Beautiful Country;2005
Land of the Dead;2005
Balzac and the Little Chinese Seamstress;2005
Syriana;2005
The Puffy Chair;2005
The Holy Girl;2005
Casino Royale;2006
The Queen;2006
Pan's Labyrinth;2006
Deliver Us from Evil;2006
Children of Men;2006
The Departed;2006
The War Tapes;2006
Hoh Xil: Mountain Patrol;2006
Blindsight;2006
Wordplay;2006
Borat: Cultural Learnings of America for Make Benefit Glorious Nation of Kazakhstan;2006
An Inconvenient Truth;2006
Little Miss Sunshine;2006
The Lives of Others;2006
United 93;2006
Letters from Iwo Jima;2006
Offside;2006
Deep Water;2006
Ne le Dis à Personne (Tell No One);2006
Volver;2006
49 Up;2006
Dave Chappelle's Block Party;2006
American Experience;2006
Half Nelson;2006
The Death of Mr. Lazarescu;2006
Lassie;2006
Brand Upon the Brain!;2006
Blame It on Fidel (La Faute a Fidel);2006
Venus;2006
Inside Man;2006
Fateless;2006
Still Life (Sanxia Haoren);2006
The Last King of Scotland;2006
Neil Young: Heart of Gold;2006
Iraq in Fragments;2006
Notes on a Scandal;2006
The Devil and Daniel Johnston;2006
Starter for 10;2006
Duck Season (Temporada de patos);2006
Thank You for Smoking;2006
Dixie Chicks - Shut Up and Sing;2006
Who Killed the Electric Car?;2006
Efter brylluppet (After the Wedding);2006
What She Knew;2006
The Namesake;2006
The Descent;2006
Slither;2006
Reprise;2006
Sir! No Sir!;2006
Jesus Camp;2006
El Aura (The Aura);2006
Sophie Scholl: The Final Days;2006
The Three Burials of Melquiades Estrada;2006
L'Enfant;2006
Mutual Appreciation;2006
Maxed Out;2006
Man Push Cart;2006
The Road To Guantanamo;2006
Quinceañera;2006
Akeelah and the Bee;2006
The Beauty Academy of Kabul;2006
The Ground Truth;2006
This Film Is Not Yet Rated;2006
Old Joy;2006
A Prairie Home Companion;2006
Sweet Land;2006
Kráska v Nesnázích (Beauty in Trouble);2006
Air Guitar Nation;2006
Paprika;2006
Bamako;2006
Tsotsi (Thug);2006
Little Children;2006
Independent Lens;2006
Superman Returns;2006
Dreamgirls;2006
Brick;2006
The Year My Parents Went on Vacation (O Ano em Que Meus Pais Saíram de Férias);2006
Come Early Morning;2006
Once in a Lifetime: The Extraordinary Story of the New York Cosmos;2006
Sketches of Frank Gehry;2006
Priceless;2006
Charlotte's Web;2006
Fong juk (Exiled);2006
District B13 (Banlieue 13);2006
Why We Fight;2006
The Devil Wears Prada;2006
The Prestige;2006
Riding Alone for Thousands of Miles;2006
Taxidermia;2006
Rocky Balboa;2006
V for Vendetta;2006
Catch a Fire;2006
Cars;2006
Over the Hedge;2006
Transamerica;2006
Happy Feet;2006
Le Petit Lieutenant;2006
The Illusionist;2006
Ghosts of Cité Soleil;2006
The U.S. vs. John Lennon;2006
Ratatouille;2007
Taxi to the Dark Side;2007
No Country for Old Men;2007
Once;2007
The Bourne Ultimatum;2007
The Band's Visit;2007
Persepolis;2007
Juno;2007
4 Months, 3 Weeks and 2 Days;2007
The King of Kong: A Fistful of Quarters;2007
Gone Baby Gone;2007
Ten Canoes;2007
The Diving Bell and the Butterfly;2007
The Devil Came on Horseback;2007
Enchanted;2007
For the Bible Tells Me So;2007
Surfwise;2007
Killer of Sheep;2007
Grbavica;2007
The Life of Reilly;2007
No End in Sight;2007
Away From Her;2007
In the Shadow of the Moon;2007
There Will Be Blood;2007
Hairspray;2007
Knocked Up;2007
Sicko;2007
The Counterfeiters;2007
The Host;2007
Hot Fuzz;2007
Encounters at the End of the World;2007
Up the Yangtze;2007
Triad Election (Hak se wui yi wo wai kwai);2007
Nanking;2007
A fost sau n-a fost?, (12:08 East of Bucharest);2007
Zodiac;2007
My Winnipeg;2007
Michael Clayton;2007
My Kid Could Paint That;2007
Rescue Dawn;2007
3:10 to Yuma;2007
This Is England;2007
U2 3D;2007
Eastern Promises;2007
The Simpsons Movie;2007
Lake of Fire;2007
Superbad;2007
Waitress;2007
The Savages;2007
The Italian;2007
An Unreasonable Man;2007
Before the Devil Knows You're Dead;2007
O' Horten;2007
Sweeney Todd: The Demon Barber of Fleet Street;2007
La Graine et le Mulet (The Secret of the Grain) (Couscous);2007
God Grew Tired Of Us;2007
The Orphanage;2007
The Lookout;2007
Shotgun Stories;2007
Red Road;2007
The Wind That Shakes the Barley;2007
Must Read After My Death;2007
Auf der Anderen Seite (The Edge of Heaven) (On the Other Side);2007
Young@Heart;2007
Joe Strummer: The Future Is Unwritten;2007
Paris Je T'aime;2007
Alexandra;2007
Control;2007
Bridge to Terabithia;2007
Roman de gare;2007
Atonement;2007
Starting Out in the Evening;2007
Los Cronocrímenes (Timecrimes);2007
The Hoax;2007
Breach;2007
2 Days in Paris;2007
Boy A;2007
Grindhouse;2007
ShowBusiness: The Road to Broadway;2007
The Witnesses;2007
The Real Dirt on Farmer John;2007
Syndromes and a Century;2007
Live Free or Die Hard;2007
Into Great Silence;2007
Mio Fratello è Figlio Unico (My Brother Is an Only Child);2007
Charlie Wilson's War;2007
Into the Wild;2007
Rocket Science;2007
When the Road Bends: Tales of a Gypsy Caravan;2007
American Gangster;2007
L' Avocat de la Terreur (Terror's Advocate);2007
Harry Potter and the Order of the Phoenix;2007
War Dance;2007
Talk to Me;2007
A Mighty Heart;2007
Lars and the Real Girl;2007
XXY;2007
Manufactured Landscapes;2007
1408;2007
Days of Glory;2007
The Wrestler;2008
The Dark Knight;2008
Man on Wire;2008
WALL-E;2008
Let the Right One In;2008
Iron Man;2008
Milk;2008
Slumdog Millionaire;2008
Aruitemo Aruitemo (Still Walking);2008
Frost/Nixon;2008
Waltz with Bashir;2008
The Class;2008
35 Rhums (35 Shots of Rum);2008
Burma VJ: Reporter i et Lukket Land (Burma VJ: Reporting from a Closed Country);2008
Happy-Go-Lucky;2008
Bigger, Stronger, Faster*;2008
Trouble the Water;2008
Les Plages d'Agnès (The Beaches of Agnes);2008
Chop Shop;2008
The Pool;2008
Gomorrah (Gomorra);2008
Sugar;2008
Not Quite Hollywood: The Wild, Untold Story of Ozploitation!;2008
Transsiberian;2008
Bolt;2008
Dear Zachary: A Letter to a Son About His Father;2008
Caramel;2008
Ballast;2008
Hellboy II: The Golden Army (Hellboy 2);2008
Kung Fu Panda;2008
The Visitor;2008
Frozen River;2008
Ghost Town;2008
I've Loved You So Long;2008
Momma's Man;2008
Le fils de l'épicier (The Grocer's Son);2008
Forgetting Sarah Marshall;2008
Wendy and Lucy;2008
Shine a Light;2008
Rachel Getting Married;2008
24 City (Er shi si cheng ji);2008
In Bruges;2008
Tropic Thunder;2008
Un Conte de Noël (A Christmas Tale);2008
Mongol;2008
I.O.U.S.A.;2008
Meduzot (Jellyfish);2008
Flammen & Citronen (Flame & Citron) (The Flame and the Lemon);2008
Gonzo: The Life and Work of Hunter S. Thompson;2008
The Black Balloon;2008
Vicky Cristina Barcelona;2008
Roman Polanski: Wanted and Desired;2008
Lorna's Silence;2008
Der Baader Meinhof Komplex (The Baader Meinhof Complex);2008
In Search of a Midnight Kiss;2008
Two Lovers;2008
Beaufort;2008
Fifty Dead Men Walking;2008
Indiana Jones and the Kingdom of the Crystal Skull;2008
Burn After Reading;2008
JCVD (Van Dammage);2008
Doubt;2008
The Spiderwick Chronicles;2008
Disgrace;2008
Cloverfield;2008
The Bank Job;2008
I Served the King of England;2008
Role Models;2008
Dr. Seuss' Horton Hears a Who!;2008
Ashes of Time Redux;2008
Appaloosa;2008
Chicago 10;2008
Kirschblüten - Hanami (Cherry Blossoms);2008
Nothing But the Truth;2008
Yella;2008
Kit Kittredge: An American Girl;2008
Flow: For Love of Water;2008
Baghead;2008
Miss Pettigrew Lives for a Day;2008
Standard Operating Procedure;2008
Che: Part Two (Guerrilla);2008
Un Secret (A Secret);2008
The Curious Case of Benjamin Button;2008
Nick and Norah's Infinite Playlist;2008
Body of War;2008
Afterschool;2008
Üç Maymun (Three Monkeys);2008
Wanted;2008
Elegy;2008
Water Lilies;2008
OSS 117: Le Caire Nid d'Espions (OSS 117: Cairo, Nest of Spies);2008
Tokyo!;2008
Gunnin' for That #1 Spot;2008
La Fille Coupée en Deux (The Girl Cut in Two) (A Girl Cut in Two);2008
$9.99;2008
When Did You Last See Your Father?;2008
Definitely, Maybe;2008
Under the Same Moon;2008
Synecdoche, New York;2008
Quantum of Solace;2008
Up;2009
The Hurt Locker;2009
Star Trek;2009
Anvil! The Story of Anvil;2009
Afghan Star;2009
Drag Me to Hell;2009
Up in the Air;2009
District 9;2009
An Education;2009
In the Loop;2009
Fantastic Mr. Fox;2009
Food, Inc.;2009
Inglourious Basterds;2009
Avaze gonjeshk-ha (The Song of Sparrows);2009
Sweetgrass;2009
Coraline;2009
Revanche;2009
Precious: Based on the Novel Push by Sapphire;2009
Tulpan;2009
The Cove;2009
Crazy Heart;2009
Most Dangerous Man in America: Daniel Ellsberg and the Pentagon Papers;2009
Good Hair;2009
Somers Town;2009
Goodbye Solo;2009
Ponyo;2009
The Damned United;2009
Crude;2009
Zombieland;2009
Mary and Max;2009
Tokyo Sonata (Tokyo Sonata);2009
Of Time and the City;2009
L'Heure d'été (Summer Hours);2009
La Nana (The Maid);2009
Adventureland;2009
A Serious Man;2009
Katyn;2009
Under the Sea 3D;2009
Moon;2009
Yoo-hoo, Mrs. Goldberg;2009
Etz Limon (Lemon Tree);2009
Every Little Step;2009
The Messenger;2009
Hunger;2009
Il Divo;2009
Maria Larssons eviga ögonblick (Everlasting Moments) (Maria Larsson's Everlasting Moment);2009
500 Days of Summer;2009
Harry Potter and the Half-Blood Prince;2009
Avatar;2009
World's Greatest Dad;2009
Red Cliff (Chi Bi);2009
Séraphine;2009
The Girl with the Dragon Tattoo;2009
Sin Nombre;2009
Cloudy With a Chance of Meatballs;2009
Bad Lieutenant: Port of Call New Orleans;2009
A Single Man;2009
State of Play;2009
I Love You, Man;2009
The White Ribbon (Das weisse Band);2009
The Princess and the Frog;2009
Whip It;2009
Me and Orson Welles;2009
Earth (Disneynature's Earth) (Planet Earth);2009
Tyson;2009
La Danse -- Le Ballet de l'Opera de Paris;2009
Paranormal Activity;2009
Amreeka;2009
The House of the Devil;2009
Pranzo di Ferragosto (Mid-August Lunch);2009
Treeless Mountain;2009
Big Fan;2009
Bright Star;2009
Michael Jackson's This Is It;2009
Skin;2009
The Hangover;2009
The September Issue;2009
Gran Torino;2009
Soul Power;2009
The Informant!;2009
Black Dynamite;2009
Broken Embraces;2009
Pontypool;2009
Bakjwi (Thirst);2009
No Impact Man: The Documentary;2009
Okuribito (Departures);2009
Humpday;2009
Bandslam;2009
Collapse;2009
A Town Called Panic (Panique au village);2009
Invictus;2009
It Might Get Loud;2009
Julie & Julia;2009
We Live in Public;2009
The Road;2009
Where the Wild Things Are;2009
Capitalism: A Love Story;2009
The Young Victoria;2009
Politist, adj. (Police, Adjective);2009
A Summer In Genoa;2009
Toy Story 3;2010
The Social Network;2010
How to Train Your Dragon;2010
True Grit;2010
The King's Speech;2010
Inside Job;2010
Waste Land;2010
A Prophet (Un prophete);2010
Last Train Home;2010
The Town;2010
127 Hours;2010
Animal Kingdom;2010
Marwencol;2010
The Kids Are All Right;2010
Restrepo;2010
Exit Through The Gift Shop;2010
Winter's Bone;2010
Ajami;2010
A Film Unfinished;2010
Mother (Madeo);2010
The Fighter;2010
Another Year;2010
Best Worst Movie;2010
No One Knows About Persian Cats (Les Chats Persans);2010
Inception;2010
Carlos;2010
Tangled;2010
Black Swan;2010
The Tillman Story;2010
Fish Tank;2010
Samson and Delilah;2010
The Secret in Their Eyes (El Secreto de Sus Ojos);2010
Let Me In;2010
Vincere;2010
Boxing Gym;2010
Joan Rivers: A Piece Of Work;2010
Lourdes;2010
Blue Valentine;2010
Dogtooth (Kynodontas);2010
The Illusionist (L'illusionniste);2010
The Secret of Kells;2010
Lebanon (Levanon);2010
Client 9: The Rise and Fall of Eliot Spitzer;2010
Unstoppable;2010
The Father of My Children (Le pere de mes enfants);2010
Waiting for Superman;2010
Alamar (To the Sea);2010
Rabbit Hole;2010
Rare Exports: A Christmas Tale;2010
Winnebago Man;2010
Buried;2010
My Dog Tulip;2010
Cropsey;2010
Easy A;2010
White Material;2010
Terribly Happy (Frygtelig lykkelig);2010
Please Give;2010
Get Low;2010
The Ghost Writer;2010
Scott Pilgrim vs. the World;2010
The Square;2010
Looking for Eric;2010
Red Riding Trilogy;2010
Farewell (L'affaire Farewell);2010
Despicable Me;2010
The Art Of The Steal;2010
Kisses;2010
Harry Potter and the Deathly Hallows - Part 1;2010
Four Lions;2010
North Face (Nordwand);2010
The Good, the Bad, the Weird (Joheun-nom, Nabbeun-nom, Isanghan-nom);2010
Casino Jack And The United States Of Money;2010
The Disappearance of Alice Creed;2010
Cyrus;2010
Mesrine: Public Enemy #1;2010
Catfish;2010
Mademoiselle Chambon;2010
Fair Game;2010
Nowhere Boy;2010
The Other Guys;2010
City Island;2010
Made in Dagenham;2010
I Am Love;2010
Kick-Ass;2010
Cairo Time;2010
Oceans (Disneynature's Oceans);2010
Mesrine: Killer Instinct (L'instinct de mort);2010
Solitary Man;2010
Mother and Child;2010
Countdown to Zero;2010
Night Catches Us;2010
Tiny Furniture;2010
Iron Man 2;2010
The Girl on the Train (La Fille du RER);2010
How I Ended This Summer;2010
Greenberg;2010
Red Hill;2010
Splice;2010
OSS 117: Rio ne répond plus (Lost in Rio);2010
Nanny McPhee Returns;2010
Harry Potter and the Deathly Hallows - Part 2;2011
The Artist;2011
A Separation;2011
The Muppets;2011
Project Nim;2011
Moneyball;2011
Poetry;2011
The Interrupters;2011
Le Havre;2011
Mission: Impossible Ghost Protocol;2011
Nostalgia for the Light;2011
Everyday Sunshine: The Story of Fishbone;2011
We Were Here;2011
Bill Cunningham New York;2011
Hugo;2011
Cave of Forgotten Dreams;2011
50/50;2011
Source Code;2011
13 Assassins;2011
Midnight in Paris;2011
Drive;2011
Win Win;2011
Born To Be Wild;2011
Tomboy;2011
Bridesmaids;2011
The Guard;2011
Pina;2011
Weekend;2011
The Arbor;2011
Coriolanus;2011
Being Elmo: A Puppeteer's Journey;2011
Arthur Christmas;2011
Take Shelter;2011
The Descendants;2011
Martha Marcy May Marlene;2011
Pariah;2011
Silent Souls;2011
Knuckle;2011
Incendies;2011
Senna;2011
Of Gods and Men;2011
Into The Abyss;2011
Attack the Block;2011
X-Men: First Class;2011
Tabloid;2011
The Four Times (Le Quattro Volte);2011
King of Devil's Island;2011
Elite Squad: The Enemy Within;2011
Winnie the Pooh;2011
Rango;2011
Corman's World: Exploits Of A Hollywood Rebel;2011
City of Life and Death;2011
Point Blank;2011
The Girl with the Dragon Tattoo;2011
Margin Call;2011
The Black Power Mixtape 1967-1975;2011
The Tree of Life;2011
Buck;2011
The Trip;2011
Certified Copy (Copie Conforme);2011
Contagion;2011
Beats Rhymes & Life: The Travels of a Tribe Called Quest;2011
Armadillo;2011
The Ides of March;2011
Cedar Rapids;2011
Uncle Boonmee Who Can Recall His Past Lives;2011
Super 8;2011
Submarine;2011
Rise of the Planet of the Apes;2011
The Hedgehog;2011
Meek's Cutoff;2011
Even the Rain (Meme La Pluie);2011
Tinker Tailor Soldier Spy;2011
Terri;2011
Beginners;2011
Jane Eyre;2011
Puss in Boots;2011
My Week with Marilyn;2011
The Lincoln Lawyer;2011
Carancho;2011
Bobby Fischer Against The World;2011
A Better Life;2011
Captain America: The First Avenger;2011
Warrior;2011
Viva Riva!;2011
Circumstance;2011
Tucker and Dale vs. Evil;2011
Potiche;2011
Happy, Happy;2011
Kung Fu Panda 2;2011
La princesse de Montpensier (The Princess of Montpensier);2011
Young Adult;2011
La tête en friche (My Afternoons with Margueritte);2011
Thor;2011
Mysteries of Lisbon;2011
Shame;2011
The Skin I Live In;2011
Tyrannosaur;2011
The Time That Remains;2011
Trollhunter;2011
Argo;2012
Skyfall;2012
Marvel's The Avengers;2012
Moonrise Kingdom;2012
Looper;2012
Jiro Dreams of Sushi;2012
The Cabin in the Woods;2012
Wake in Fright;2012
How to Survive a Plague;2012
The Invisible War;2012
This Is Not a Film;2012
Monsieur Lazhar;2012
Silver Linings Playbook;2012
Amour;2012
The Kid with a Bike;2012
The Sessions;2012
The Secret World of Arrietty;2012
West of Memphis;2012
Oslo, August 31st;2012
The Dark Knight Rises;2012
Lincoln;2012
Ai Weiwei: Never Sorry;2012
Beware Of Mr. Baker;2012
Mea Maxima Culpa: Silence In The House Of God;2012
The Island President;2012
Undefeated;2012
The Loved Ones;2012
The Imposter;2012
Marley;2012
Searching for Sugar Man;2012
Chasing Ice;2012
The Queen of Versailles;2012
Brooklyn Castle;2012
Django Unchained;2012
Sister;2012
5 Broken Cameras;2012
I Wish;2012
Marina Abramovic: The Artist Is Present;2012
Diana Vreeland: The Eye Has To Travel;2012
Holy Motors;2012
The House I Live In;2012
Life of Pi;2012
Barbara;2012
First Position;2012
The Central Park Five;2012
Headhunters;2012
Safety Not Guaranteed;2012
Elena;2012
The Hunger Games;2012
The Master;2012
Farewell, My Queen;2012
Bernie;2012
Frankenweenie;2012
Once Upon a Time in Anatolia;2012
Turn Me On, Dammit!;2012
Electric Boogaloo: The Wild, Untold Story of Cannon Films;2012
Side by Side;2012
Compliance;2012
ParaNorman;2012
Footnote;2012
Beasts of the Southern Wild;2012
21 Jump Street;2012
A Royal Affair;2012
Wreck-it Ralph;2012
Keep the Lights On;2012
Arbitrage;2012
In Darkness;2012
The Perks of Being a Wallflower;2012
End of Watch;2012
The Pirates! Band of Misfits;2012
Chronicle;2012
Robot & Frank;2012
The Raid: Redemption;2012
Neil Young Journeys;2012
Polisse;2012
The Turin Horse;2012
Seven Psychopaths;2012
Starlet;2012
The Big Picture;2012
Tabu;2012
Bully;2012
Middle of Nowhere;2012
Boy;2012
Chico & Rita;2012
Miss Bala;2012
The Impossible;2012
Sleepwalk With Me;2012
Your Sister's Sister;2012
De rouille et d'os (Rust and Bone);2012
Smashed;2012
Magic Mike;2012
Declaration of War;2012
Snabba cash (Easy Money);2012
Rundskop (Bullhead);2012
The Forgiveness of Blood;2012
Haywire;2012
Brave;2012
Flight;2012
Goon;2012
Pitch Perfect;2012
Gravity;2013
12 Years a Slave;2013
Before Midnight;2013
Short Term 12;2013
Mud;2013
Her;2013
Inside Llewyn Davis;2013
Dallas Buyers Club;2013
American Hustle;2013
20 Feet From Stardom;2013
Wadjda;2013
Captain Phillips;2013
All Is Lost;2013
Blackfish;2013
Enough Said;2013
Zero Dark Thirty;2013
The Square;2013
Fruitvale Station;2013
Sound City;2013
The Act Of Killing;2013
56 Up;2013
Nebraska;2013
The Selfish Giant;2013
Call Me Kuchu;2013
The Hunger Games: Catching Fire;2013
Frances Ha;2013
Let The Fire Burn;2013
A Hijacking;2013
Muscle Shoals;2013
Blue Jasmine;2013
Stories We Tell;2013
The Spectacular Now;2013
Philomena;2013
The Hunt;2013
Room 237;2013
Cutie And The Boxer;2013
Behind the Candelabra;2013
Le passé (The Past);2013
Lore;2013
Blancanieves;2013
Frozen;2013
I Am Divine;2013
The World's End;2013
Blue Is The Warmest Color;2013
No;2013
The Crash Reel;2013
Rush;2013
War Witch;2013
The Gatekeepers;2013
Star Trek Into Darkness;2013
In a World...;2013
Museum Hours;2013
The Sapphires;2013
After Tiller;2013
A Touch of Sin;2013
Drug War;2013
A Band Called Death;2013
The Great Beauty;2013
Still Mine;2013
We Steal Secrets: The Story Of Wikileaks;2013
Our Children;2013
Mother Of George;2013
Gimme The Loot;2013
The Conjuring;2013
Beyond The Hills;2013
Caesar Must Die;2013
Inequality For All;2013
A Place at the Table;2013
In the House;2013
The Way Way Back;2013
The Angels' Share;2013
This Is the End;2013
Side Effects;2013
The Punk Singer;2013
What Maisie Knew;2013
Iron Man 3;2013
My Brother The Devil;2013
Fill the Void;2013
Hannah Arendt;2013
Upstream Color;2013
Prisoners;2013
Much Ado About Nothing;2013
Computer Chess;2013
Sightseers;2013
Narco Cultura;2013
We Are What We Are;2013
Happy People: A Year in the Taiga;2013
Don Jon;2013
The Patience Stone;2013
The Place Beyond The Pines;2013
The Attack;2013
At Berkeley;2013
Kon Tiki;2013
Berberian Sound Studio;2013
Saving Mr. Banks;2013
Yossi;2013
Warm Bodies;2013
The Armstrong Lie;2013
Drinking Buddies;2013
The Wolf of Wall Street;2013
Boyhood;2014
The Babadook;2014
Mr. Turner;2014
The LEGO Movie;2014
Whiplash;2014
Life Itself;2014
Nightcrawler;2014
Leviathan;2014
Gloria;2014
Snowpiercer;2014
Two Days, One Night;2014
The Tale of the Princess Kaguya;2014
Starred Up;2014
The Grand Budapest Hotel;2014
Live Die Repeat: Edge of Tomorrow;2014
Guardians of the Galaxy;2014
X-Men: Days of Future Past;2014
Birdman;2014
Jodorowsky's Dune;2014
The Missing Picture;2014
Song Of The Sea;2014
Ida;2014
We Are the Best!;2014
Love Is Strange;2014
Dawn Of The Planet Of The Apes;2014
Citizenfour;2014
Ilo Ilo;2014
Blue Ruin;2014
Gone Girl;2014
The Overnighters;2014
Elaine Stritch: Shoot Me;2014
The Imitation Game;2014
Wild;2014
Ernest & Célestine;2014
Captain America: The Winter Soldier;2014
The Lunchbox;2014
A Summer's Tale;2014
A Girl Walks Home Alone at Night;2014
Locke;2014
How to Train Your Dragon 2;2014
Finding Vivian Maier;2014
Force Majeure;2014
20,000 Days on Earth;2014
The Rocket;2014
Particle Fever;2014
Manakamana;2014
The Last of the Unjust;2014
National Gallery;2014
Foxcatcher;2014
Last Days in Vietnam;2014
Pride;2014
Frank;2014
Big Hero 6;2014
The Dance of Reality;2014
The Drop;2014
Stranger by the Lake;2014
Child's Pose;2014
The Normal Heart;2014
In Bloom;2014
Dear White People;2014
Calvary;2014
The Internet's Own Boy: The Story of Aaron Swartz;2014
Obvious Child;2014
Le Week-End;2014
The Wind Rises;2014
A Most Wanted Man;2014
Diplomacy;2014
The Guest;2014
Under the Skin;2014
Tim's Vermeer;2014
Venus in Fur;2014
Omar;2014
Mistaken for Strangers;2014
Chef;2014
The Dog;2014
Top Five;2014
Only Lovers Left Alive;2014
12 O'clock Boys;2014
John Wick;2014
Art and Craft;2014
To Be Takei;2014
22 Jump Street;2014
Joe;2014
The Skeleton Twins;2014
Night Moves;2014
Cheap Thrills;2014
The Kill Team;2014
The Immigrant;2014
The Good Lie;2014
Bears;2014
Coherence;2014
Winter Sleep;2014
Alan Partridge;2014
The Blue Room;2014
Wetlands;2014
Like Father, Like Son;2014
Cold in July;2014
The Trip To Italy;2014
A Field in England;2014
The Fault In Our Stars;2014
Mad Max: Fury Road;2015
Inside Out;2015
Selma;2015
Spotlight;2015
Star Wars: Episode VII - The Force Awakens;2015
Brooklyn;2015
It Follows;2015
Shaun the Sheep Movie;2015
The Martian;2015
Room;2015
Mission: Impossible Rogue Nation;2015
Creed;2015
Carol;2015
Son of Saul;2015
45 Years;2015
Sicario;2015
Paddington;2015
Timbuktu;2015
Spy;2015
Mustang;2015
GETT: The Trial of Viviane Amsalem;2015
Amy;2015
Phoenix;2015
Ex Machina;2015
Seymour: An Introduction;2015
Tangerine;2015
What We Do In The Shadows;2015
Ingrid Bergman in Her Own Words (Jag är Ingrid);2015
Bridge of Spies;2015
About Elly;2015
Iris;2015
Kurt Cobain: Montage Of Heck;2015
Anomalisa;2015
'71;2015
The Look of Silence;2015
Red Army;2015
Listen To Me Marlon;2015
Wild Tales;2015
Heart of a Dog;2015
Finders Keepers;2015
Jafar Panahi's Taxi;2015
The Gift;2015
Theeb;2015
The Big Short;2015
Hitchcock/Truffaut;2015
The Second Mother (Que Horas Ela Volta?);2015
Girlhood;2015
Love & Mercy;2015
The Diary Of A Teenage Girl;2015
The Salt of the Earth;2015
Best Of Enemies;2015
Grandma;2015
Appropriate Behavior;2015
Boy and the World (O Menino e o Mundo);2015
Slow West;2015
99 Homes;2015
Going Clear: Scientology and the Prison of Belief;2015
The Wonders;2015
The Forbidden Room;2015
The Lady In The Van;2015
A Most Violent Year;2015
Steve Jobs;2015
The End Of The Tour;2015
We Are Still Here;2015
The Wrecking Crew;2015
In Jackson Heights;2015
The Duke Of Burgundy;2015
I'll See You in My Dreams;2015
Monkey Kingdom;2015
Black Souls;2015
Güeros;2015
Beasts of No Nation;2015
The Hunting Ground;2015
Janis: Little Girl Blue;2015
Straight Outta Compton;2015
When Marnie Was There;2015
The Black Panthers: Vanguard Of The Revolution;2015
The Revenant;2015
Clouds of Sils Maria;2015
Still Alice;2015
Queen of Earth;2015
Breathe;2015
Dope;2015
Trainwreck;2015
Mr. Holmes;2015
Peggy Guggenheim: Art Addict;2015
The Peanuts Movie;2015
James White;2015
Mommy;2015
The Walk;2015
Sunshine Superman;2015
Mississippi Grind;2015
Bone Tomahawk;2015
Coming Home;2015
White God;2015
Cartel Land;2015
The Tribe;2015
A Pigeon Sat on a Branch Reflecting on Existence;2015
Ant-Man;2015
Kumiko, the Treasure Hunter;2015
